Jaydin,Theresa
Colin,Belinda
Jasper,Kaila
Nathanial,Angeline
Isaias,Serena
Santino,Livia
Kaleb,Annika
Justin,Rowan
Cyrus,Nyasia
Jermaine,Bianca
Wilson,Jazmin
Uriel,Mallory
Dominique,Emerson
Lyric,Alicia
Javier,Janessa
Jaydon,Sarahi
Daniel,Marianna
Ray,Dayami
Darren,Tori
Emery,Mariam
Noah,Jazmine
Kael,Joyce
Aedan,Isabella
Marcel,Meghan
Carmelo,Abigail
Trenton,Liberty
Rylan,Alisha
Eden,Jaylen
Aden,Kasey
Makai,Denise
Kendall,Abbie
Jack,Heather
Ricky,Kassandra
Ignacio,Shania
Dayton,Iliana
Nigel,Ava
Dominik,Catherine
Irvin,Elise
Patrick,Sofia
Ayaan,Dylan
Connor,Madilyn
Yusuf,Haylie
Abdullah,Gabriella
Tanner,Adriana
Elijah,Alexandria
Logan,Kristen
Landen,Lyric
Martin,Jacey
Soren,Kendal
Alfredo,Norah
Joshua,Jaslyn
Braden,Sanaa
Emmett,Aubrie
Devan,Averi
Rudy,Melody
Cael,Jamya
Krish,Lucy
Arturo,Vanessa
Keith,Camilla
Mason,Audrey
Pierce,Myla
Joaquin,Krystal
Troy,Shelby
Jamison,Kaley
Kelton,Ivy
Yosef,Madisyn
Junior,Monserrat
Ari,Abagail
Gage,Kailey
Simeon,Raelynn
Amare,Saniya
Gunner,Emily
Reilly,Emmalee
Ismael,Giuliana
Emerson,Amanda
Francisco,Jade
Kameron,Alexis
Memphis,Skyla
Maxwell,Kaya
Moises,Paisley
Ayden,Lina
Cory,Sage
Roberto,Marisol
Kai,Rayna
Denzel,Alanna
Sammy,Summer
Travis,Christine
Jake,Diya
Sawyer,Jada
Weston,Miley
Kobe,Tanya
Felix,Jakayla
Easton,Teresa
Titus,Sylvia
Ramiro,Justine
Bradley,Cassandra
Hamza,Lydia
Corey,Jaliyah
Jorden,Carlee
Justus,Hanna
Nicolas,Amiya
Hudson,Carleigh
Octavio,Dixie
Giovani,Ally
Andrew,Justice
Kyson,Piper
Dario,Charlotte
Alexis,Kyleigh
Emiliano,Aleena
Wayne,Josephine
Jovanni,Macey
Aaron,Jane
Ezequiel,Delilah
Douglas,Mckinley
Aditya,Arianna
Luke,Peyton
Ronald,Yaretzi
Johnny,Deanna
Sam,Bria
Leandro,Haylee
Marques,Carolyn
Zain,Olive
Braeden,Amaya
Reid,Leia
Isiah,Natalia
Raymond,Britney
Ezra,Sharon
Kade,Lailah
Robert,Lucille
Skylar,Juliana
Jasiah,Lola
Rene,Ella
Ronin,Rosemary
Layne,Selah
Skyler,Cynthia
Braxton,Isabell
Dillon,Marie
Nathaniel,Lillianna
Rory,Juliet
Zack,Yareli
Coby,Clare
Antwan,Zoe
Kash,Katherine
Donovan,Erica
Eugene,Magdalena
Jan,Nadia
Leonard,Lilah
Markus,Saige
Waylon,Kennedi
Emanuel,Gloria
Seth,Karley
Zaiden,Savanah
Rex,Jaiden
Cayden,Karen
Silas,Marlie
Alexzander,Yamilet
Chaz,Kaitlynn
Kyan,Jessie
Kenny,Mikayla
Lawson,Cloe
Harper,Brianna
Gilberto,Christina
Houston,Jordan
Santiago,Liliana
Dangelo,Yasmine
Tucker,Jordin
Zackary,Kaitlin
Branden,Maliyah
Jorge,Zariah
Alfred,Gabrielle
Aydin,Kaydence
Agustin,Tessa
David,Ada
Deacon,Shaylee
Dax,Charlie
Rolando,Ruth
Taylor,Angelica
Reuben,Emely
Michael,Laurel
Jovanny,Elianna
Elliott,Arabella
Phoenix,Leila
Ulises,Shyann
Cristofer,Addison
Derick,Charity
Nash,Holly
Ernesto,Kiara
Marcus,Clara
Ty,Monica
Gary,Kamora
Demarion,Thalia
Dakota,Karli
George,Angel
Leo,Bethany
Jaylin,Aliana
Dereon,Tiffany
Dean,Gabriela
Cristian,Yaritza
Orlando,Irene
Esteban,Janelle
Preston,Regan
London,Makena
Dalton,Nathalie
Rishi,Hallie
Samuel,Angie
Juan,Bailey
Kamden,Savannah
Adrian,Scarlett
Raul,Alexia
Jaeden,Brielle
Payton,Alani
Nathen,Riya
Sergio,Larissa
Josiah,Lizeth
Sullivan,Kate
Alvin,Celia
Dante,Tatiana
Isai,Anya
Joe,Jaden
Mark,Lucia
Lewis,Margaret
Dustin,Jayleen
Will,Donna
Sage,Tess
Blaine,Jaylene
Jovany,Madeleine
Adolfo,Shirley
Sean,Ann
Gauge,Ingrid
Yair,Simone
Donald,Deborah
Issac,Alayna
Maurice,Nina
Pranav,Azul
Tommy,Emelia
Quentin,Brenda
Jordon,Katelynn
Angel,Akira
Chance,Isabela
Dominic,Heidy
Jerry,Karissa
Bailey,Esther
Ramon,Rubi
Ronan,Kierra
Eric,Chloe
Chandler,Giovanna
Lucas,Felicity
Jacoby,Jenny
Carsen,Ashley
Elian,Frida
Keegan,Rebecca
Alden,Isabel
Andres,Zoey
Killian,Maleah
Jonathan,Lilliana
Caden,Kirsten
Jett,Shiloh
Jerimiah,Miranda
Todd,Jaslene
Thomas,Harper
Ezekiel,Cameron
Zayne,Elaina
Tyrone,Baylee
Demetrius,Alexandra
Jaydan,Audrina
Xander,Mayra
Landin,Karsyn
Gaige,Abril
Gael,Hazel
Maximillian,Chana
Aldo,Trinity
Carlos,Fernanda
Jameson,Carla
Nickolas,Kaleigh
Willie,Lia
Jayden,Kaylah
Matteo,Sophie
Jensen,Ana
Davin,Kailyn
Brenden,Dayana
Cedric,Taylor
Mike,Jazlynn
Camren,Mia
Collin,Layla
Anderson,Ellie
Nasir,Ariana
Corbin,Izabella
Izayah,Adalyn
Quinn,Alyvia
Pablo,Alexa
Cullen,Kailee
Cruz,Rayne
Madden,Marilyn
Oswaldo,Finley
Gaven,Chaya
Luis,Daniella
Devyn,Nancy
Scott,Jaylynn
Kyle,Johanna
Cohen,Crystal
